Date,English,Japanese,German,French,Chinese,Russian,Spanish
01-07-2015,3513.862203,580.6470559,714.9684046,475.1509943,240.5820419,629.9996006,1085.972919
02-07-2015,3502.511407,666.6728011,705.2297407,478.2019998,240.9419583,640.9028758,1037.814557
03-07-2015,3325.357889,602.2898047,676.8772308,459.8376587,239.344071,594.0262948,954.4126804
04-07-2015,3462.054256,756.5091772,621.1451448,491.5089316,241.6534912,558.7281321,896.0507499
05-07-2015,3575.520035,725.7209143,722.0761848,482.5577463,257.7796738,595.0291572,974.5082095
06-07-2015,3849.736021,632.3991484,794.8324796,502.7412089,259.1148645,640.9862868,1110.637145
07-07-2015,3643.523063,615.1841809,770.8142557,485.9453994,258.8322596,626.2934363,1082.568342
08-07-2015,3437.87108,611.4623366,782.0776406,476.9988204,265.5895293,623.360205,1050.669557
09-07-2015,3517.459391,596.0676423,752.9399903,472.0619032,263.9644205,638.5507256,1030.841282
10-07-2015,3497.571594,619.2993001,701.7025934,445.4950567,274.4145917,731.2522966,937.1299311
11-07-2015,3517.054297,639.5772111,649.1529627,441.4922481,256.0630333,673.282519,842.8086573
12-07-2015,3869.211216,688.0810533,770.1194263,504.1733513,288.4863892,744.739116,960.2466416
13-07-2015,3832.417662,612.6059909,840.3052785,491.6433547,264.7279006,768.1039143,1089.365555
14-07-2015,3854.165298,573.9095003,799.7188764,527.2733401,250.0423124,744.5339502,1144.025801
15-07-2015,3563.026589,575.1421369,746.4223325,486.4859005,245.2148703,712.5876714,1081.183666
16-07-2015,3605.074747,657.9548236,739.2823637,475.7162117,244.5992222,726.6602982,1029.52207
17-07-2015,3455.528829,787.6269395,760.8859654,457.9279856,245.6535492,717.6129676,926.5453124
18-07-2015,3335.306288,662.3126132,895.2721195,463.5435906,256.0051077,643.3536813,806.1572251
19-07-2015,3540.557533,649.4581763,845.2215992,502.5548815,288.6247606,712.591599,862.2973914
20-07-2015,3720.901319,649.6207234,774.5204615,490.0867318,271.4350804,731.1603648,1012.967588
21-07-2015,3544.275386,567.6516079,722.3078665,477.304067,267.0367984,711.5857409,1003.396546
22-07-2015,3488.537249,569.5717782,736.9085566,480.2955286,270.3589878,694.5234989,1032.552705
23-07-2015,3435.995645,541.1330821,715.8588451,452.4322548,240.6099019,624.12728,968.7881868
24-07-2015,3340.325991,492.3381626,678.8968027,423.5619593,208.9753903,553.7879776,860.5021679
25-07-2015,3346.974988,479.8600656,674.8569041,424.4685429,201.0560683,504.9973372,771.0791101
26-07-2015,3585.658246,513.7852773,705.361514,460.5622964,217.0771374,564.2583544,850.3910015
27-07-2015,3643.563216,496.5052616,755.1711328,446.4849455,217.0701143,609.7921049,979.4249058
28-07-2015,3589.972955,485.329793,749.1605111,440.9654533,214.2863196,587.527493,972.1515388
29-07-2015,4189.383649,528.4871519,747.2445139,447.2797438,216.4158686,576.0237651,983.0614116
30-07-2015,3283.13593,476.8046106,714.2386909,427.0179755,208.084973,561.9346292,935.0232426
31-07-2015,3175.764394,446.8483187,668.9796733,401.1292551,196.0847408,551.9650513,844.7517947
01-08-2015,3181.30633,433.754246,655.1914595,388.4746096,178.2522491,494.4137265,737.7896794
02-08-2015,3462.76879,483.8835593,677.7435704,396.4530952,195.7689941,551.7526295,809.8633165
03-08-2015,3267.47142,522.8007929,704.7315469,404.4114706,217.2203842,700.3046865,834.6554837
04-08-2015,3522.243861,604.1627429,746.4061573,486.0408381,256.0773115,736.6869924,1012.466629
05-08-2015,3527.101419,594.8176301,714.708093,468.9660151,265.5484358,704.4996672,1024.648234
06-08-2015,3533.813464,623.9161079,719.7785626,477.7554769,259.7486215,708.2560245,1025.459592
07-08-2015,3599.890783,605.0802212,734.3654499,483.2782833,255.3568983,708.1208894,911.1720094
08-08-2015,3434.24805,621.0955411,663.9508276,488.3786091,254.9383017,648.5468646,838.2813277
09-08-2015,3580.401029,660.02413,740.6506713,504.5781373,264.8498462,677.8803089,916.5881015
10-08-2015,3513.810685,653.5279233,707.8466059,463.9975845,247.7687039,673.4167887,979.7622432
11-08-2015,3508.693504,622.911507,732.9527147,479.1442535,244.8623832,704.218879,1137.322127
12-08-2015,3520.86183,666.9634869,737.7111662,476.7859791,252.1262406,723.9679137,1143.997939
13-08-2015,3472.513979,661.9190446,752.0450747,500.1022357,261.048697,739.417521,1103.547587
14-08-2015,3437.64518,694.2566198,716.479862,502.0857769,251.5764699,746.2390494,942.4460161
15-08-2015,3436.148664,743.1807547,676.7175824,505.3418155,262.1552034,689.8176009,816.306063
16-08-2015,3666.110586,741.1460526,811.0174691,510.4350635,279.5394974,718.2038344,887.9861397
17-08-2015,3714.781276,675.3545103,796.6561708,508.765532,272.954031,758.3407669,1095.091478
18-08-2015,3585.069396,637.5686457,781.6186984,493.4157398,270.5754832,773.9482759,1196.617457
19-08-2015,3442.963249,602.6930155,744.3440988,467.692675,252.7851878,687.2875116,1205.011657
20-08-2015,3450.416501,543.3560766,748.6393487,440.2660937,215.1356434,589.6736786,1141.853579
21-08-2015,3382.392111,563.7060839,704.4795385,472.4472531,244.0456208,652.8169352,1042.529959
22-08-2015,3340.002406,751.4940042,617.12746,467.5290979,282.3292124,660.9658501,887.0373161
23-08-2015,3700.59192,900.2445793,746.5714132,539.2912032,309.352313,733.7580881,1034.570332
24-08-2015,3681.515306,710.0248642,791.1760932,539.166779,279.878867,833.4538011,1277.171583
25-08-2015,3494.014269,720.7517008,823.4829352,531.6097068,269.3938708,908.1083078,1482.512972
26-08-2015,3332.366393,638.9186041,751.5998814,529.1342546,281.0059203,744.1873253,1499.019049
27-08-2015,3330.276091,693.6202829,766.4020057,522.135996,284.5990481,764.0263613,1454.366551
28-08-2015,3230.231666,705.6539083,751.2841969,495.744804,275.3791282,746.2942351,1236.651432
29-08-2015,3320.014186,698.4135383,653.6834528,495.7874958,281.5769342,707.4627213,953.092686
30-08-2015,3499.792517,737.5725124,768.123524,545.3182227,299.1006443,762.9442152,1152.965811
31-08-2015,3793.064253,678.994616,772.1099908,539.930064,271.023681,712.3377047,1430.840429
01-09-2015,3397.030488,654.0054819,797.2101688,528.7575553,252.3650821,685.5848089,1508.696922
02-09-2015,3410.346897,619.7156282,798.1207203,554.5364004,250.8656335,767.6330049,1507.220698
03-09-2015,3349.463498,640.8663795,829.9365935,542.1454331,259.1012827,789.5854081,1462.384391
04-09-2015,3293.23934,618.0890314,764.3659891,535.6233569,243.1441755,789.7357875,1214.309261
05-09-2015,3384.751908,671.3373795,732.8838087,576.5981912,265.3514423,768.0489948,996.2509773
06-09-2015,3574.027045,723.6919387,821.1764167,597.0249972,280.6696848,847.4480762,1161.199588
07-09-2015,3798.533972,627.1566247,835.9280746,574.6062802,248.6714841,803.4416855,1470.489587
08-09-2015,3643.806662,613.6010474,803.2422494,558.7536232,237.3362935,837.0617761,1525.09034
09-09-2015,3544.514601,613.8796926,778.7023777,574.6979553,230.7699228,855.9418187,1504.753714
10-09-2015,3451.838518,579.1280407,769.3115329,545.2332322,219.3094202,795.2696711,1418.809724
11-09-2015,3576.919653,587.4105526,805.1846121,527.8547354,228.974926,771.048196,1206.105622
12-09-2015,3503.259209,617.5886643,699.730145,573.6503764,257.9269255,738.3010917,968.0287867
13-09-2015,3899.006886,675.6930155,820.9847415,663.5370745,264.1250798,846.0894022,1110.371029
14-09-2015,3718.389954,614.341393,847.654715,590.9862937,226.4288119,822.1999734,1378.270097
15-09-2015,3575.228845,560.4665949,798.4238421,570.3571509,221.2575309,818.7152177,1322.54581
16-09-2015,3468.916501,561.4122657,787.3443144,598.1409392,226.3023971,885.7889096,1278.901983
17-09-2015,3602.907417,600.6673193,791.7681027,584.9598921,220.2153927,873.2458394,1453.525979
18-09-2015,3428.192882,613.8329989,771.879711,558.4805078,225.5191828,848.4224471,1204.168171
19-09-2015,3366.077734,646.0900103,751.2819863,538.1859903,253.4472691,838.6481161,972.8120691
20-09-2015,3761.624399,642.9120944,863.1070793,585.8723739,280.211678,964.6053788,1165.024522
21-09-2015,3918.050025,770.6844012,840.224295,581.6341984,245.1054037,945.130209,1449.418438
22-09-2015,3657.091505,721.762273,825.80757,563.4668577,234.9465436,912.7610172,1503.010591
23-09-2015,3750.097851,925.6370222,835.2131342,568.7585103,235.1631551,932.5750899,1504.621722
24-09-2015,3469.879584,648.299398,825.3010729,558.1495899,251.5749028,903.4159899,1385.577937
25-09-2015,3397.022938,687.4729578,800.3177333,544.8772048,221.8789831,856.5123153,1136.164191
26-09-2015,3361.641364,688.200137,717.047447,547.8141782,264.1203204,829.377513,986.6526406
27-09-2015,3597.854405,725.8126377,794.0739742,733.0417369,277.7889024,918.0623086,1167.834956
28-09-2015,3747.79372,821.3509862,835.7479377,578.2384564,346.7788032,903.8554121,1437.911436
29-09-2015,3482.857682,641.1220694,803.5738394,560.4019211,276.6277207,901.2624817,1504.292274
30-09-2015,3611.671644,626.1453184,785.6524505,580.4597798,234.9118347,915.2413127,1484.388301
01-10-2015,3483.033889,601.0481132,764.5204076,569.0299405,248.9268094,878.6855279,1401.70467
02-10-2015,3477.976108,599.9761637,740.7318704,555.2842377,239.9746938,886.3232592,1194.220058
03-10-2015,3558.812884,719.3999804,805.137812,563.3663072,275.8659237,910.9107975,978.3137394
04-10-2015,3921.680355,740.6504821,836.7883755,609.6404898,294.0726101,910.8437625,1126.501599
05-10-2015,3828.704123,670.3408546,838.8261174,596.5185372,251.1776656,857.9661164,1373.988343
06-10-2015,3582.734362,643.4860751,811.6121206,560.2078418,246.5030472,857.2086939,1465.622574
07-10-2015,3655.726398,627.2551025,821.9659244,587.3737221,243.9184514,890.0771535,1457.455469
08-10-2015,3662.943587,658.4565122,801.6412897,580.5390967,247.7377677,887.3760485,1396.275926
09-10-2015,3747.053385,601.3804513,791.0458834,554.206943,270.8146729,847.9894821,1217.413036
10-10-2015,3818.594906,667.1669032,747.5912547,583.0983036,280.5449533,817.2895087,1024.805317
11-10-2015,4005.615397,728.677353,848.2287162,629.9234917,286.3557374,902.7451072,1171.111664
12-10-2015,4098.324,727.1731682,826.3623227,596.9496124,244.899704,900.2981627,1557.702111
13-10-2015,4058.150116,614.2834908,829.1418019,595.0519043,240.4192931,872.6921182,1616.566494
14-10-2015,4216.426332,587.6186188,827.7015151,601.9354005,247.0982065,890.4705765,1584.435639
15-10-2015,3937.78447,583.9982869,824.3235025,572.1412201,245.6430437,870.1844628,1495.729405
16-10-2015,3423.181185,632.1621066,768.8798728,556.6259971,250.4690928,831.3988151,1252.553913
17-10-2015,3499.122573,679.6163673,730.8264949,558.1520616,280.8488595,814.3207962,1063.375151
18-10-2015,3780.789406,717.8374529,831.3367121,597.32384,307.2650763,896.933431,1249.438908
19-10-2015,3959.63452,638.0185013,842.8474147,596.6504325,267.7309188,885.8855678,1482.986566
20-10-2015,3982.400738,622.5866086,845.2521702,592.4647231,265.6808288,865.5742245,1541.005615
21-10-2015,3963.756015,650.4764329,841.2552434,584.190091,280.8221603,873.1237518,1549.191343
22-10-2015,3868.052555,613.1920611,833.8397045,576.2832828,266.2766847,857.8060844,1477.292842
23-10-2015,3702.562967,655.4012041,796.255513,557.363667,268.3242788,820.675942,1242.325254
24-10-2015,3617.942841,651.4671822,737.7699898,601.6995281,295.5932439,809.3650646,1054.441467
25-10-2015,3976.037083,675.5910137,840.33159,613.9409055,321.6536073,889.1120357,1212.122041
26-10-2015,4033.232661,621.0407224,852.1041678,636.8176609,272.7551802,887.5957928,1465.471391
27-10-2015,4048.723453,635.3718369,819.7024856,594.3504101,265.1052296,883.0392757,1553.538276
28-10-2015,3950.368965,584.704175,808.0894484,595.6355466,263.9980266,860.4658501,1520.393987
29-10-2015,3765.093496,583.9558025,810.7863266,591.7519942,271.4383307,863.8506857,1393.290639
30-10-2015,3616.65107,672.8416622,785.4693481,597.6203797,260.0005224,840.2484356,1141.840714
31-10-2015,3523.633897,636.9048994,757.5857012,620.0143804,286.7084567,809.7594861,957.1929064
01-11-2015,3681.410611,666.890999,879.7781312,649.3072127,311.3972372,923.8817734,1010.602673
02-11-2015,4072.817695,780.2219666,862.4203914,616.745478,273.885832,886.3209293,1295.515175
03-11-2015,3915.250332,682.2002349,833.3473338,592.0019661,265.5291659,878.521169,1403.550217
04-11-2015,3821.432595,579.5928736,863.6454952,619.4256825,273.4572523,976.5416722,1491.139171
05-11-2015,3902.806828,586.7225784,838.1770637,589.5921807,261.984735,943.4318999,1459.286872
06-11-2015,3609.785631,654.1807547,802.1794899,603.9098978,259.321783,903.5527892,1237.167887
07-11-2015,3503.13929,702.1974451,794.5205694,666.5645995,307.8871089,927.710691,1000.462009
08-11-2015,3824.209681,746.2196172,949.5134523,680.1175149,331.0353474,963.0068566,1180.411827
09-11-2015,3978.861208,653.5176937,946.8111824,617.212448,284.9754484,961.4101984,1453.223399
10-11-2015,3815.627966,613.5922862,963.2747075,600.2034603,271.0662255,976.1948476,1513.954012
11-11-2015,3777.373984,586.6038373,920.509732,706.489327,273.9002844,976.5682998,1464.193688
12-11-2015,3718.822217,596.2459008,872.8186769,594.3388383,265.9857798,1028.629077,1406.72379
13-11-2015,3510.077982,644.6734374,842.8930824,605.238007,269.2707064,957.4380908,1194.85564
14-11-2015,3602.052928,685.2111987,834.9988138,705.5561735,293.6439724,934.7083611,1029.550999
15-11-2015,3992.346109,663.194851,1054.489567,735.348781,319.6568576,1021.018107,1110.756557
16-11-2015,4075.531027,617.3303314,1008.224619,670.4453994,295.9650589,963.3960857,1347.896937
17-11-2015,3888.341132,613.7922275,965.4822882,865.0954387,311.1029079,1007.17248,1470.218708
18-11-2015,3786.409491,609.6611032,989.0819,621.0803842,282.497243,978.063174,1549.031061
19-11-2015,3749.587896,598.5291958,977.7218957,606.7647455,271.991642,949.4235122,1425.912716
20-11-2015,3664.715157,606.8020165,883.3501375,594.0416245,271.0081258,927.7645453,1167.603952
21-11-2015,3875.784968,638.4942,917.3414029,661.6481294,332.352313,925.5949274,983.8390077
22-11-2015,4108.116932,676.3238216,1033.269963,716.887316,363.0681409,1036.617095,1163.581207
23-11-2015,4186.675668,739.8594782,976.3401628,637.353612,297.4711823,947.417055,1412.731253
24-11-2015,3964.155674,743.6240027,901.4352186,637.9543871,278.2801091,957.2760618,1533.613974
25-11-2015,3916.709972,640.7251725,887.0450208,639.336142,274.3473794,1013.298629,1428.906887
26-11-2015,3764.307367,576.0834516,864.7807193,624.4511853,263.0357537,969.6191586,1297.437202
27-11-2015,3743.950846,574.9370075,836.1425567,654.6109988,254.0944338,916.9171216,1107.846755
28-11-2015,3934.121536,632.0170819,807.1505904,647.3673745,289.8667944,925.1710824,921.5052243
29-11-2015,4073.883815,671.4400176,966.8115598,710.9597236,318.5300366,995.3954866,1052.225176
30-11-2015,4281.235855,605.3134942,920.9165364,663.2694641,281.3916072,1076.468713,1220.963963
01-12-2015,3992.796458,580.7894866,871.1133337,634.4379845,283.3032097,928.1210225,1230.526619
02-12-2015,3786.947777,718.385199,873.2557826,649.9997753,293.289628,943.1700839,1218.595636
03-12-2015,3813.834412,617.1642112,982.4498841,616.0759465,284.7579082,934.8296498,1157.770915
04-12-2015,3660.940642,634.031276,1062.02313,609.0442647,276.1161414,873.5074557,982.977326
05-12-2015,3610.721545,661.2606334,994.9659783,624.4192226,305.2258402,883.9532685,801.6254887
06-12-2015,3888.4092,715.2665068,1129.884186,688.419054,338.47629,1031.002796,888.9632525
07-12-2015,4257.035963,616.8128334,1259.710681,673.3778227,296.7774682,933.0678338,1082.253252
08-12-2015,4042.944292,595.3387989,918.3796301,646.9055724,282.5507574,905.2552257,1138.391997
09-12-2015,3893.425377,579.8749449,870.7995902,641.8942254,286.3474375,900.6976435,1126.52733
10-12-2015,3733.777086,599.3733053,863.7954925,626.3022132,279.8010912,909.3395021,1105.668136
11-12-2015,3763.262983,620.6486222,807.208066,610.6702618,278.1329154,897.6017841,926.8658043
12-12-2015,3588.473785,716.6748079,794.5805791,673.6017301,315.6620814,920.1379976,820.5030919
13-12-2015,4003.833541,741.6111301,903.9056451,730.492866,348.2397121,1006.289975,918.256095
14-12-2015,4102.636469,648.5501933,986.1949641,669.0428042,305.8831041,965.1992411,1059.594712
15-12-2015,3834.643977,658.1187411,888.5047177,622.0695989,291.5558651,909.5953934,994.3074135
16-12-2015,3831.49328,643.4043365,889.46552,644.1098191,278.8544315,940.4134603,961.2701685
17-12-2015,3812.064792,614.4254319,883.156683,644.105887,265.4155784,951.0063241,917.5078541
18-12-2015,3808.499253,735.7550291,817.8818677,632.2746882,263.2353009,915.416123,787.321487
19-12-2015,3738.232703,687.7125936,812.8892004,651.4980339,295.5144814,920.4478099,739.5389864
20-12-2015,3940.012734,731.381577,944.9385885,708.3342883,328.788322,1022.819199,799.0044069
21-12-2015,4146.167081,649.7665802,891.6110961,674.8982699,298.5647455,938.9388231,808.1112375
22-12-2015,3918.252945,625.5551368,819.8665013,611.1488035,296.867723,925.3552124,762.452271
23-12-2015,3903.964618,782.0304439,781.1517766,627.4781485,298.143479,858.5748902,711.4130358
24-12-2015,3706.768625,701.1901033,743.1949641,566.4645545,278.7493761,847.4737052,645.7709148
25-12-2015,3677.500622,868.2567177,876.5082224,592.446579,286.1081316,839.0257622,636.8670126
26-12-2015,4127.238178,1135.289168,951.0143959,634.1601505,330.5811132,804.0994541,749.9784633
27-12-2015,4206.072092,789.9503206,976.0634065,671.3190091,370.662894,842.4212488,762.1142228
28-12-2015,4229.87585,805.6101023,898.7023238,664.5543759,327.8324917,808.1690188,844.7010449
29-12-2015,4155.485731,744.0022515,920.6757966,676.5633075,307.4661327,765.5463986,856.1397399
30-12-2015,3963.691679,760.5460819,867.174907,659.2848556,304.6959777,714.113833,778.149833
31-12-2015,3725.824747,1130.690764,807.4405564,611.8063701,306.2746532,746.2558248,693.4187931
01-01-2016,4153.015721,847.5320836,991.0215129,715.9590495,455.4699054,950.0135801,686.8317578
02-01-2016,4471.4703,967.0028388,1008.255513,741.1329626,380.4537118,987.526561,821.8454048
03-01-2016,4602.928945,924.5716803,1062.565968,848.685541,417.338441,974.1231527,845.4352122
04-01-2016,4655.947154,840.4535754,1086.947107,779.136333,340.2874804,986.8071495,915.8331793
05-01-2016,4207.557491,858.2992022,999.7117054,751.8985507,332.3061118,944.8526827,1021.127941
06-01-2016,4229.854322,859.289511,1034.231035,719.2469947,340.0163678,1003.810478,927.4916483
07-01-2016,4196.470425,851.390485,1010.61789,684.8237838,334.3812758,980.0223006,965.4537636
08-01-2016,4112.523395,893.7040771,1001.063245,688.7521627,330.0193859,991.1794701,1052.475442
09-01-2016,4284.312593,866.160883,990.0463687,755.9865745,356.8668524,1104.012049,1021.408558
10-01-2016,4496.007176,1133.770447,1117.67736,809.7843501,372.4116316,1059.316536,1119.405501
11-01-2016,6078.85005,1440.066761,1216.684154,883.1618919,378.1540426,1105.583012,1501.834317
12-01-2016,4888.099469,1037.822916,1061.792258,730.3019885,353.0341865,1029.049794,1397.806738
13-01-2016,4325.029492,889.6885126,1020.606405,727.5985283,346.9313947,1009.830715,1299.731751
14-01-2016,4752.443255,847.7492536,1068.223648,736.3684979,362.2838818,1179.900945,1300.681356
15-01-2016,4389.281442,898.8877686,1102.471936,709.6203236,419.0834059,1091.325722,1175.499325
16-01-2016,4298.127675,908.8134208,1027.221869,719.2101449,633.9674967,1091.190254,1028.874405
17-01-2016,4639.497719,966.6493564,1134.247264,757.2552522,499.1831795,1109.241313,1061.535788
18-01-2016,4734.595114,940.067006,1070.230603,699.9875857,386.1494573,1069.433564,1246.262421
19-01-2016,4587.360337,922.1562332,1066.863158,719.6772835,349.493064,1070.72274,1333.758405
20-01-2016,4332.960635,804.066125,1059.595892,707.5975733,349.020895,1021.003328,1321.248774
21-01-2016,4281.344616,851.6388821,995.2454844,677.3517021,347.873295,1041.075889,1306.397896
22-01-2016,4376.82176,930.3089912,1026.13792,704.3953488,339.1589761,1038.44335,1223.201436
23-01-2016,4224.585988,901.6439724,942.6154095,743.551174,357.721458,1025.9094,1000.008956
24-01-2016,4565.779036,975.6565024,1068.961018,747.6125154,342.7183818,1123.430369,1127.583837
25-01-2016,4939.903393,824.4080074,1049.35774,680.3467026,318.1817865,1060.601784,1376.789608
26-01-2016,4457.512859,786.2982722,1005.36917,668.0910572,315.9885658,1036.121755,1457.245149
27-01-2016,4363.958105,773.6518036,994.3692781,709.1240872,332.7331244,1053.800692,1543.07975
28-01-2016,4100.326655,735.3399736,987.0167682,695.3863611,336.1007603,991.5768872,1382.206909
29-01-2016,4108.397337,895.6485243,941.5420823,628.6532974,337.0720878,1005.948875,1127.764447
30-01-2016,4146.367928,903.8430816,976.120289,658.4489945,340.8322015,1090.062109,1036.766863
31-01-2016,4701.048034,927.9634869,1135.970669,768.8827098,334.3910848,1060.898416,1254.343521
01-02-2016,4932.149328,801.7749009,1092.29897,706.804404,347.9168843,1016.682199,1283.26107
02-02-2016,4934.28335,795.678283,994.0046369,707.4045051,324.8442161,1423.191586,1407.707513
03-02-2016,4609.53841,866.3891146,979.70351,726.1620604,322.2820825,1645.182532,1487.922951
04-02-2016,4471.37921,794.6222897,947.6683561,664.6397034,311.0108538,1001.528891,1460.817045
05-02-2016,4558.060934,852.4056581,887.7689653,643.3255814,318.8056765,922.464319,1226.131708
06-02-2016,4176.258752,849.2578924,867.1916752,645.7236827,323.7276104,987.7717348,1066.594925
07-02-2016,4768.783599,889.7490578,1016.53971,732.2188518,284.1242672,1020.331847,1180.83254
08-02-2016,5498.537788,785.2355734,1106.974982,740.5116841,318.619827,1008.854147,1500.714265
09-02-2016,4547.71665,838.5635554,983.9169138,688.3283339,340.8805502,952.578618,1497.023243
10-02-2016,4549.363821,847.1346973,949.7169354,700.148635,335.009809,975.1071096,1808.954652
11-02-2016,4066.186536,948.3864226,949.4257292,707.803112,360.1625167,1000.507123,1539.853223
12-02-2016,4284.68301,1008.344477,908.3534803,699.2856982,384.9698183,973.107509,1238.369323
13-02-2016,4305.016053,970.510303,908.9613415,687.6730704,398.8434616,1012.0679,1102.628047
14-02-2016,4797.982537,996.4550928,1012.653852,736.6913268,421.1770851,1098.249634,1274.198735
15-02-2016,4822.500622,797.4873477,996.0479862,707.9368049,354.12537,1034.737185,1435.872415
16-02-2016,5029.324374,742.3472175,974.6005284,672.9091675,342.2716931,985.389096,1548.672471
17-02-2016,4611.177617,741.8417111,947.0088424,714.2095832,353.3809275,957.409333,1622.467055
18-02-2016,4283.890949,791.713132,888.6854478,752.9516908,328.5706077,922.5129144,1510.896723
19-02-2016,4207.824457,784.0771866,851.4388311,623.3905179,335.2128388,917.4637199,1261.334423
20-02-2016,4214.737971,872.5150996,884.8564188,676.3696776,376.2098787,904.5349487,1091.027863
21-02-2016,4595.965157,901.2514316,974.3191891,718.0704415,385.7942423,936.715484,1271.138105
22-02-2016,4938.522358,764.1122804,972.5866178,719.8156387,353.224273,951.0826787,1448.17272
23-02-2016,4488.392857,725.2007244,895.8850488,682.336142,326.3264264,1009.482359,1517.019618
24-02-2016,4502.23121,692.5008076,1032.952553,692.8519267,326.4423356,921.88863,1512.31708
25-02-2016,4545.320682,651.0672507,941.6300749,687.7599708,336.98044,913.6447876,1418.159642
26-02-2016,4248.163182,750.1504576,910.521486,695.011347,336.5424575,896.5044601,1193.336627
27-02-2016,4199.88593,769.5920415,817.24446,685.3601281,382.6575541,948.880442,1076.724572
28-02-2016,4575.305749,803.0986246,1071.841592,746.5160656,422.9811365,1097.665091,1290.453053
29-02-2016,6031.576074,749.9573198,1157.715372,784.4139984,480.2637414,1164.140594,1805.460871
01-03-2016,4600.568359,681.5673731,950.6991427,702.7377823,352.3038482,979.0580482,1628.122041
02-03-2016,4530.709225,754.885615,952.5852159,714.9845523,334.4346161,966.7494342,1620.699979
03-03-2016,4470.843745,692.0841369,970.012347,671.3355803,323.6137327,993.6688191,1567.522354
04-03-2016,4398.775552,809.7072096,888.9948779,643.698517,343.7624354,917.55452,1407.438908
05-03-2016,4603.527335,831.6433361,836.954494,649.25323,379.6502989,1041.807948,1247.579928
06-03-2016,4999.018749,910.5959571,1040.466544,741.7813729,400.9917,1030.636134,1401.369038
07-03-2016,4954.420815,791.2004797,984.3253896,702.5140995,341.9028963,1080.014645,1588.856209
08-03-2016,4494.107972,765.4252851,947.3831347,680.6031907,334.4075686,1083.753628,1682.077546
09-03-2016,4390.349137,770.1610788,916.4334933,751.6236378,344.0853793,1048.700173,1653.89189
10-03-2016,4056.241828,693.922275,867.2805305,648.6693068,340.4141854,978.8612701,1497.432156
11-03-2016,4001.272026,780.7748519,891.0574217,641.757443,359.2902664,988.3714552,1322.922667
12-03-2016,3830.989215,788.4734472,834.1420715,606.3685541,399.45406,950.0641725,1077.221124
13-03-2016,3885.540236,861.5751065,996.686634,702.0569037,404.5786755,1052.817468,1279.557396
14-03-2016,4260.687614,765.8634428,1013.865423,685.3096843,362.6872134,1034.056917,1490.213235
15-03-2016,3938.541812,768.9573198,936.6930501,687.1892484,351.2900923,1053.48895,1547.787902
16-03-2016,4170.827858,761.7981009,940.817275,702.9521964,338.5867433,1030.007789,1585.501955
17-03-2016,3919.829061,772.3818707,862.3986629,647.4356252,340.8206512,1015.748436,1434.690525
18-03-2016,3636.904223,786.8590867,948.8221815,624.3522638,383.9990713,939.2896419,1189.291137
19-03-2016,3583.884561,861.6468112,802.9917507,620.6805977,385.6997504,964.2674078,994.2695998
20-03-2016,3803.037581,895.3618031,907.0965655,721.3764746,398.1174183,1001.123552,1091.014855
21-03-2016,3901.012444,856.4735451,914.6732086,673.7644085,351.6334668,979.6257489,1188.228588
22-03-2016,3732.723038,787.3368411,875.4084758,621.5470734,330.9563527,1084.619358,1192.805459
23-03-2016,3735.293969,708.9662767,898.9455977,954.2796877,328.1658251,923.8661962,1080.400171
24-03-2016,3692.165879,679.8390191,925.2898043,682.1686327,355.4070463,962.2604846,1074.25645
25-03-2016,3789.480007,721.9998042,1137.961773,636.7777216,347.5263219,931.5941952,1110.900775
26-03-2016,3755.706197,753.3067887,837.4541974,607.6200427,366.2369261,946.9765677,1134.507996
27-03-2016,4011.736104,822.5938035,964.2168006,692.5316818,383.8395148,985.4794967,1262.715403
28-03-2016,4222.543305,770.7952621,1009.40303,752.2226716,356.2653085,994.5884037,1483.537423
29-03-2016,4032.721794,699.7720621,1058.969213,668.1909336,333.905276,955.0817468,1446.789182
30-03-2016,3797.719346,694.9555577,930.9540627,710.7546343,344.6338731,894.096392,1475.62094
31-03-2016,3673.428986,687.5907689,846.7076077,650.5921245,324.8141506,978.8746505,1420.562869
01-04-2016,3644.173055,819.5959082,923.928506,602.9997191,354.7070056,883.8639329,1216.115858
02-04-2016,4301.17069,803.7364299,790.7682105,620.1384114,446.9210633,991.968646,1108.71789
03-04-2016,4708.296499,899.1227057,869.6089934,669.1473992,445.2567183,1098.671748,1293.645035
04-04-2016,4903.049652,832.7586021,960.9111447,678.7206494,455.1879389,1006.138064,1505.197811
05-04-2016,4643.919985,742.4213205,956.4912385,675.3161443,442.4172616,985.6278791,1537.30919
06-04-2016,4722.586693,752.943664,907.8514045,636.010673,390.115619,966.2840501,1607.529604
07-04-2016,4055.353036,812.361069,905.0007009,619.4898888,356.6010215,950.2872454,1516.36058
08-04-2016,3898.879003,771.9075914,963.2701785,599.7956971,413.7652214,863.845227,1267.375649
09-04-2016,4000.372532,912.4842152,808.1622365,576.5128075,422.0746996,834.5164426,1051.560239
10-04-2016,4230.447445,988.3034604,951.3707877,638.7918211,435.4895235,1023.52017,1273.672685
11-04-2016,4294.540567,774.7069649,919.6499164,662.8627682,379.7676011,952.9285714,1561.340678
12-04-2016,4070.672018,719.9030884,944.1926457,644.8096281,354.4799466,1049.973173,1510.027507
13-04-2016,4034.08968,723.247565,916.7796409,696.9554544,363.2705322,931.5510584,1514.910157
14-04-2016,3885.351916,866.0333806,855.0758613,877.9010785,366.6943525,900.6246172,1503.207264
15-04-2016,3775.981334,840.4264108,880.7804497,1017.934558,366.5522085,893.0553189,1246.271732
16-04-2016,3672.928157,918.9382311,810.6434464,981.3025503,388.1149225,836.3140727,1031.43571
17-04-2016,3948.246308,972.8191474,970.2238637,1086.713515,398.6534332,890.8704567,1250.122752
18-04-2016,4214.800647,808.9797856,923.5978865,1029.219582,360.7778745,887.9239782,1452.031346
19-04-2016,4155.636013,807.5777006,896.6631261,1057.097742,341.9563527,932.2392491,1529.156941
20-04-2016,4172.748922,706.2923988,848.3462015,1033.756825,340.6579024,985.8452936,1567.52733
21-04-2016,4719.980007,742.1222162,876.3088909,1097.483092,337.6500087,1015.232992,1550.928709
22-04-2016,4484.203791,777.8576673,869.6232275,1089.152005,349.1244413,964.095926,1348.652783
23-04-2016,4068.595238,851.4606725,825.337467,1071.164813,372.1456846,877.9355612,1130.687042
24-04-2016,4394.686204,928.6769125,999.9383728,1110.722503,390.5281792,1039.971042,1302.024948
25-04-2016,4466.363572,773.4230336,967.1828328,805.1664981,351.4284636,1092.014113,1429.261355
26-04-2016,4101.328314,752.9387695,962.4376449,673.5845411,330.4357769,943.0228997,1531.691591
27-04-2016,4027.939066,687.5725124,902.0205963,671.3964723,339.0152069,885.417521,1454.239605
28-04-2016,4016.167289,671.5600803,863.8822451,656.6750365,339.1764467,921.9864199,1379.363779
29-04-2016,3819.97731,824.0452254,835.9097428,636.6851477,338.0448082,824.6405272,1157.980596
30-04-2016,3931.045047,776.3686555,761.3174098,633.8172677,364.867723,844.5941952,1022.265833
01-05-2016,4109.806745,822.6154373,907.1260581,716.7945175,392.1861977,892.7480362,1226.311394
02-05-2016,4404.651444,786.7593852,844.6891681,658.5470172,376.1695397,874.6101717,1444.168171
03-05-2016,4266.747304,890.4629729,884.3703564,665.7910347,361.9648267,924.3089469,1522.080532
04-05-2016,4228.092003,857.2429152,827.5703348,715.1754859,343.7624935,939.2402476,1493.363139
05-05-2016,3964.709225,933.2638148,759.0145576,616.8961353,331.4573103,917.2357209,1434.554553
06-05-2016,3999.233367,948.0497284,740.036394,612.5174138,335.7505949,939.3922247,1271.801336
07-05-2016,3950.728887,904.2497675,691.6592441,612.255196,369.2611295,979.6835974,1048.175137
08-05-2016,4230.871993,909.3112427,793.6819971,697.5052803,372.9225144,894.4434163,1180.438269
09-05-2016,4306.995022,873.7340316,883.2045614,737.6070666,336.2976377,977.1590334,1427.471107
10-05-2016,4138.694749,786.6930155,883.5996118,716.0700483,352.6459458,1007.110571,1461.559883
11-05-2016,3971.396922,751.7317312,830.3500836,717.5726323,339.047304,962.6073758,1475.89516
12-05-2016,4014.898913,782.6510205,850.8707608,703.7232333,331.0507284,962.2953668,1418.992395
13-05-2016,3873.322756,784.4115315,840.7961395,673.4509606,328.5542399,876.0180402,1168.343308
14-05-2016,3977.873735,858.8958445,867.6396722,708.7967644,357.9478786,961.5906005,1071.604592
15-05-2016,4316.548449,913.8681415,975.9024101,706.0329176,374.6508793,1162.044335,1214.897576
16-05-2016,4398.302472,865.0458127,1025.901224,725.7939557,330.6223809,980.3861004,1409.243727
17-05-2016,4111.421976,794.1771817,904.0799051,655.192675,328.3921295,940.2182799,1544.558888
18-05-2016,4075.203086,697.7339337,841.6552003,665.73576,320.4878983,904.5449341,1704.861113
19-05-2016,3968.137216,874.3447213,829.4092845,646.4116953,318.4092518,930.7226734,1425.277916
20-05-2016,3717.08744,808.182321,796.7438939,607.6598697,359.221429,844.7521635,1288.182031
21-05-2016,4045.419155,855.3830454,739.6900846,642.2969891,380.0722038,853.5063241,1127.742483
22-05-2016,4022.00701,993.4181391,822.5724376,785.2443546,390.9327877,926.8536147,1251.181889
23-05-2016,4364.936328,785.863296,939.9842023,713.5960004,356.3684485,868.6725469,1502.123605
24-05-2016,4028.046416,744.7547844,894.0343452,678.2779463,345.8455511,866.9060711,1465.703319
25-05-2016,3954.947237,716.220743,844.0567747,663.7020559,345.7624935,813.6883904,1503.370673
26-05-2016,3879.171022,786.9902599,815.2747614,646.2615436,326.3932904,811.5430036,1355.648376
27-05-2016,3689.163929,854.2010181,810.928506,626.4478149,332.9744036,780.3017574,1126.647949
28-05-2016,3847.201012,799.768538,798.3079204,690.1342546,361.2763364,800.567035,1115.984789
29-05-2016,4026.569189,922.4445206,902.2665121,744.4173688,369.0224041,848.2331248,1227.669984
30-05-2016,4201.492409,757.9808135,931.248342,732.9325357,338.6813512,812.2474371,1441.252612
31-05-2016,4047.037,665.9773384,865.8377096,687.8753511,321.6783911,778.7697377,1458.055939
01-06-2016,3939.375684,666.1438011,895.1347388,705.559263,331.2003018,773.14319,1442.651574
02-06-2016,3817.965281,677.4704616,865.0790424,822.9239973,325.6667247,781.7739981,1388.472173
03-06-2016,3752.946615,793.5477461,852.508438,628.6398158,326.359394,762.5021302,1189.466558
04-06-2016,4196.497926,856.3300377,861.8117216,717.17616,347.3250914,854.9207163,1134.385031
05-06-2016,4494.328646,935.211786,915.5973473,750.0416807,369.8038772,844.0227666,1270.553486
06-06-2016,4509.575162,780.1855024,975.2895347,653.0794293,334.1748215,868.8612701,1463.146492
07-06-2016,4188.168036,792.3998825,890.696986,640.1758229,321.8656916,819.1584343,1485.234558
08-06-2016,4160.153849,740.9390632,879.7391492,684.7072239,329.7669627,829.8600053,1498.401948
09-06-2016,4069.828688,737.9105281,885.8010999,621.9612403,374.6627779,814.1520437,1388.079394
10-06-2016,4069.397876,802.0049435,896.1330673,688.1598135,390.9024319,827.9767674,1202.77653
11-06-2016,4426.175543,802.343204,904.464873,687.6663296,399.5753091,839.4044734,1047.875897
12-06-2016,4703.524847,961.1862855,1158.530921,733.7281204,407.4782634,891.0623086,1326.494989
13-06-2016,4818.915256,917.1622045,1098.833504,706.7712617,353.488885,887.1253495,1397.983154
14-06-2016,4668.827277,749.4631198,1047.511511,700.1782384,357.8573336,859.258421,1522.187576
15-06-2016,4261.051228,817.8333415,943.324473,683.7294124,329.4548146,866.432033,1393.646741
16-06-2016,4115.415173,842.839117,986.6652828,659.1148747,322.0092867,854.9864199,1272.075414
17-06-2016,3928.76373,811.9290294,921.1537715,647.6300416,332.3878925,808.7765278,1174.366337
18-06-2016,3985.621246,794.4965983,827.3224241,621.5411751,345.206164,745.1634935,1041.457033
19-06-2016,4394.371412,942.1332289,939.6897072,686.0481968,368.2341982,825.5328185,1130.10612
20-06-2016,4931.918118,758.8264402,985.9764382,679.7255926,342.4573103,872.0782186,1328.380482
21-06-2016,4227.522441,725.066174,977.137812,669.1704865,337.9433513,840.4177207,1376.262137
22-06-2016,4310.5796,901.2250012,950.7754893,666.0453882,336.4664229,823.4866862,1294.697562
23-06-2016,4147.64265,779.8848808,871.7562409,626.0062914,336.1347728,745.2621488,1180.445376
24-06-2016,4179.87697,997.7621751,886.9535774,653.4850017,352.0998317,755.1632273,1087.691734
25-06-2016,4140.971254,885.0950027,851.9058069,645.0533086,386.7936038,706.5063906,986.1682422
26-06-2016,4368.846856,879.4736919,1057.696285,758.1289743,385.8358581,755.6450539,1113.924017
27-06-2016,4566.967189,750.1797269,1210.14935,743.169363,346.657322,816.2863134,1382.768356
28-06-2016,4302.727227,787.7092653,1027.516849,672.1494776,344.2436589,767.6041805,1271.642619
29-06-2016,4097.687075,851.8714209,866.596215,611.3655769,340.9035928,710.8921582,1256.938517
30-06-2016,4447.178157,771.1466399,892.1058392,631.6800921,326.0691276,709.0041273,1095.731466
01-07-2016,4171.491911,751.122412,853.7856257,662.7462645,356.4093099,722.3223938,994.0532376
02-07-2016,4295.618757,867.267192,882.5973473,697.690091,354.4155203,728.0876048,964.7857701
03-07-2016,4352.826033,850.7373599,977.4216854,735.115605,373.2135934,762.0802823,1029.522425
04-07-2016,4568.161399,750.3580344,847.9905106,657.5517919,363.7673109,734.1673545,1099.642761
05-07-2016,4526.940932,812.4697763,865.6125519,614.1211662,383.7623774,752.8659965,1155.770133
06-07-2016,5081.280114,923.4665949,916.290667,613.8002472,363.1083638,765.8817734,1122.576516
07-07-2016,4341.142733,880.8468014,900.9282903,694.863667,367.3974694,823.5390095,1109.105267
08-07-2016,3917.428115,796.6024179,785.7966787,620.7350298,431.6345696,750.0509919,955.849243
09-07-2016,4164.499502,881.7838579,739.3529412,581.3790024,388.0803297,676.189988,896.5950672
10-07-2016,4804.018127,982.2599971,924.4737154,723.1775081,404.4748389,850.2122221,1149.765513
11-07-2016,4882.327982,925.4999755,977.5638648,696.8421526,369.5494225,853.988883,1136.131068
12-07-2016,4239.668201,891.0525182,944.4667601,661.4955061,406.6414766,737.3786447,1131.740635
13-07-2016,4112.744691,832.4876413,981.6506174,605.2615436,377.7732312,748.6720809,1097.611771
14-07-2016,4060.96217,758.2590182,873.9121691,641.8129424,379.6906959,787.9914792,1058.138816
15-07-2016,3976.363074,759.2977828,833.1829946,577.4722503,380.5954495,717.7970976,1009.575876
16-07-2016,4146.977393,873.9280016,740.9136248,552.2203123,374.3944512,680.2375849,862.9596986
17-07-2016,4372.418367,973.6925261,804.288672,563.4969666,411.5811713,727.3315803,949.2214088
18-07-2016,4408.28252,993.2197151,801.3001564,581.8505224,369.3400662,731.6926508,1069.788116
19-07-2016,4544.224324,765.3538251,766.0438346,593.4637681,375.284114,738.8923579,1052.974341
20-07-2016,5656.19255,756.7475405,779.1209899,590.747725,369.9492716,1011.037412,1046.640344
21-07-2016,6943.389331,739.9570261,797.992182,603.9329289,358.571072,1313.725336,1037.438197
22-07-2016,7658.480919,794.5359503,777.0606567,620.3673183,358.4836032,1729.156504,983.7358732
23-07-2016,7572.945537,750.8370124,749.8726479,602.9822492,351.7444425,1975.764079,846.9759045
24-07-2016,7989.139248,939.9119475,797.6877123,626.4277609,380.8569273,2379.212888,944.6136186
25-07-2016,8305.282728,743.8090647,815.6503478,647.219245,371.7412502,2736.007789,1080.325325
26-07-2016,8381.573337,743.2266164,760.7038874,595.1079654,351.4934123,2808.276261,1087.536854
27-07-2016,8031.486104,726.9480202,805.9471073,612.7850803,349.1859655,2924.284915,1057.584121
28-07-2016,7895.791729,669.2744359,796.5020758,612.641501,347.4388531,2964.797031,1087.755917
29-07-2016,7578.94562,737.6569918,737.0169839,602.9869116,353.4385048,2893.460791,988.2020755
30-07-2016,7312.766592,791.4207821,659.1979835,593.7307044,374.8684195,2690.331314,845.7527187
31-07-2016,7811.653808,933.9016201,780.4373753,622.4845523,379.9782344,2723.494874,956.2958988
01-08-2016,8053.131823,797.4806911,766.4113873,643.1936861,378.8544895,2933.421582,1063.781932
02-08-2016,7688.75112,786.1655328,824.0866447,637.724413,370.9223402,2950.317002,1071.861255
03-08-2016,6845.456653,807.5256228,776.2381517,621.7149758,356.2373324,2703.097856,1135.167603
04-08-2016,6357.686577,812.8352504,785.5100016,657.5127514,358.8346393,2422.914525,1061.349989
05-08-2016,6510.970798,807.5861191,770.4761956,619.7747444,367.9766672,2208.906737,1044.172791
06-08-2016,7144.943421,782.982086,691.732787,582.8966408,365.0608277,1995.033418,1042.016988
07-08-2016,7327.558819,880.5463756,727.689222,638.1807662,378.9813686,2027.63833,1074.455256
08-08-2016,8037.931268,941.2566198,795.6941823,610.2196944,389.4872018,2273.448143,1257.905395
09-08-2016,7746.516551,838.1561842,807.5115113,623.1209976,378.6725869,2356.059979,1295.127585
10-08-2016,8171.609756,806.490578,816.8424004,613.965678,383.806431,2515.535348,1292.27621
11-08-2016,7790.889207,856.8156233,824.5827897,615.1569487,377.5300366,2577.024031,1248.708437
12-08-2016,7890.352912,911.1220694,844.0919825,651.3803505,370.2670497,2680.846226,1102.567418
13-08-2016,7874.741828,820.4737409,775.9911037,607.905123,369.3629346,2443.271602,1004.707513
14-08-2016,8083.066327,922.3178503,842.6649054,651.1502078,388.2079633,2618.221475,1075.103703
15-08-2016,8306.663431,907.2284763,821.9766,664.3024941,417.2126647,2878.009719,1309.989196
16-08-2016,7341.1334,911.4561695,810.8421308,625.065723,372.4660166,2617.841499,1342.517734
17-08-2016,4733.17405,883.6329597,812.9721249,623.4275924,372.9508967,780.8190654,1321.680788
18-08-2016,4628.039613,935.4467721,820.8104276,660.2503651,364.094666,770.230928,1289.110171
19-08-2016,4532.01373,921.2736528,788.1982531,686.1509381,384.9879854,789.2538277,1181.932547
20-08-2016,4615.750664,942.1775733,763.9424166,666.4098978,400.1381972,786.9549328,1039.972351
21-08-2016,5144.836984,960.3766825,875.6360058,707.7106505,446.8450287,877.9398882,1248.550501
22-08-2016,5064.702588,848.5875385,837.1848277,645.0319627,389.1399965,794.377047,1366.466558
23-08-2016,4716.232537,1060.054819,785.731493,624.8331648,368.6313773,776.0726268,1429.982017
24-08-2016,4485.337191,895.3245558,780.5258532,612.0798225,362.6129201,721.0744907,1509.692871
25-08-2016,4326.56558,838.50673,771.1677899,602.8463094,390.9476464,726.9547996,1568.308337
26-08-2016,4203.472084,928.644364,720.9203645,600.3617009,370.7636543,713.096392,1217.649513
27-08-2016,4629.32595,882.1698889,645.4649269,590.6353219,382.9104417,664.862069,1003.862179
28-08-2016,4984.439232,1124.680486,768.9659244,643.7650826,410.3201579,690.4742378,1294.609709
29-08-2016,5660.424589,849.6668788,838.9693212,661.4668577,368.7691102,750.841832,1620.133343
30-08-2016,6072.255641,818.3852479,794.9214428,640.0662285,362.6277207,763.9129277,1611.480205
31-08-2016,6098.175336,757.3062993,761.8742115,630.7116616,381.7204133,708.6580349,1573.330869
01-09-2016,6017.900904,878.3516715,771.0456678,624.0966745,335.9691218,694.024098,1507.021892
02-09-2016,6077.92405,785.0244237,749.1375964,602.6831817,353.3878345,791.805685,1248.180468
03-09-2016,6352.039904,864.3151094,695.910929,613.7007078,402.3935225,811.092065,1017.117208
04-09-2016,6452.185872,922.6556214,862.7688575,707.7105943,434.7305705,823.5228997,1305.225531
05-09-2016,5799.540858,829.7713768,865.1123632,708.7458713,427.5807069,793.9942085,1540.168882
06-09-2016,5407.860295,804.1668053,819.1913517,667.8609145,374.6140229,798.6959792,1584.414457
07-09-2016,4830.787705,756.6535167,799.9459212,679.9328165,356.2330954,777.9157236,1633.628758
08-09-2016,4449.03306,718.4392834,764.2848439,673.5982474,330.9182193,812.7039675,1482.72379
09-09-2016,4288.574581,699.0447359,789.1842886,633.5984159,333.1733124,843.6136333,1261.544744
10-09-2016,4699.352373,835.8233567,726.7672939,632.4727559,381.4492426,806.8584077,1025.981164
11-09-2016,4937.743239,911.3008174,834.6619939,715.5165712,435.8974984,885.0244974,1265.938162
12-09-2016,4737.768542,827.7514072,857.1854747,685.8334457,362.2336177,876.3342431,1516.139171
13-09-2016,4901.106479,842.9572219,817.9491562,654.2915964,345.7419467,846.8170683,1709.377852
14-09-2016,4873.030944,766.8172385,800.812099,652.8932704,399.0620465,862.6945813,1489.573957
15-09-2016,5008.436328,718.6388821,791.9374562,634.0506123,393.8109583,869.5394754,1309.190845
16-09-2016,4255.451095,702.6601243,795.6484607,611.0170206,428.1119624,831.5671682,1110.357453
17-09-2016,4508.481707,733.3319955,792.1513991,662.1851477,460.5018283,782.6859939,1009.786481
18-09-2016,4774.420524,926.5662963,875.0354235,689.7728907,445.7357943,927.6804686,1225.440401
19-09-2016,5022.370458,1051.722383,859.7214105,662.5762274,371.0118985,911.5324857,1434.58341
20-09-2016,4519.069313,756.2050316,828.227584,665.060555,349.5749028,876.4253761,1500.485038
21-09-2016,4643.189149,783.6084871,816.3890117,676.7817661,356.6919728,892.7289975,1506.149833
22-09-2016,4518.616185,927.4159855,795.6938588,637.2769913,358.6010215,836.3898948,1496.271306
23-09-2016,4461.695661,805.9304488,772.7821211,627.7724975,371.0733066,830.9508721,1254.495558
24-09-2016,4456.174589,848.4949342,685.4131126,625.8072688,383.0695339,764.6682865,989.174426
25-09-2016,4775.697611,925.475454,771.1223918,738.5570722,403.2278136,869.6644255,1196.843557
26-09-2016,4818.150572,827.0761588,878.9764382,772.7941243,371.938708,849.6281454,1459.843912
27-09-2016,4824.92994,705.8928589,842.8303769,735.7292439,420.6746184,948.3850353,1502.097306
28-09-2016,4704.449021,756.2405169,819.8700598,754.5075272,406.4677579,814.892491,1480.389225
29-09-2016,4559.138958,746.9752337,833.5982639,727.4719694,337.1655929,825.957529,1417.264411
30-09-2016,4347.536502,758.3220107,794.9452203,670.179418,338.5134366,780.2976967,1141.347004
01-10-2016,4645.420275,801.8964808,857.7941985,739.8334457,390.8237274,754.1729463,1016.147203
02-10-2016,4904.789282,880.2294552,995.6506713,790.9866869,399.1306518,831.8038876,1186.243798
03-10-2016,5161.465903,832.9678919,1150.080283,768.0256713,344.0080678,848.5912661,1458.126164
04-10-2016,4982.463373,784.4684548,1042.666685,675.8523761,347.5050206,895.8519505,1497.677447
05-10-2016,5385.581882,734.6742695,939.9647921,697.7121672,327.7944164,1257.035748,1492.166679
06-10-2016,5375.034802,702.2318046,816.374508,707.1468374,318.4007778,1447.107709,1392.116284
07-10-2016,4285.937241,708.8652048,796.4821265,690.373048,337.6259795,850.4807615,1241.143436
08-10-2016,4677.027045,839.4654691,759.5269855,763.6259971,432.8681293,912.9088004,983.965527
09-10-2016,5160.56811,864.1621555,872.2775651,846.1471745,452.7442103,937.1371988,1181.71327
10-10-2016,5133.131367,889.3393862,892.3129886,798.0037074,429.2222996,905.5153774,1377.737792
11-10-2016,4491.73822,836.5127992,863.9289373,751.6980115,348.1723838,850.6117028,1455.037174
12-10-2016,4463.490377,713.4757476,827.1949102,893.7795192,346.1304196,875.1935162,1569.285379
13-10-2016,4575.656048,708.6786256,874.830323,867.3000786,367.204771,896.187059,1425.973914
14-10-2016,4407.842957,717.5200431,932.1297245,699.0422424,376.3261942,966.6549727,1214.016703
15-10-2016,4683.545711,728.9798835,764.0840028,695.8185597,397.93865,1100.570363,1042.370886
16-10-2016,4947.523229,869.7318291,909.9059686,940.7999663,418.0820709,1147.46352,1362.76139
17-10-2016,5125.385308,805.4760413,921.1881706,708.9690484,374.6227291,955.0540541,1430.623427
18-10-2016,4821.126638,740.6135774,874.5693104,661.6309965,367.9464856,906.4696445,1483.900348
19-10-2016,4773.433466,730.7620772,875.5438076,646.3078306,356.842649,883.2838504,1521.902267
20-10-2016,4863.653932,753.9005922,867.1370033,625.4611841,356.4607348,870.9096658,1464.977895
21-10-2016,4465.778829,812.2093387,866.2072572,590.0669588,402.378838,850.1145653,1317.080105
22-10-2016,4549.469222,782.5948314,779.4810481,628.8012021,404.0212433,892.5650379,1067.385102
23-10-2016,4867.676332,879.358328,886.4083679,724.2398607,426.2198619,952.7302623,1246.438624
24-10-2016,5061.669944,805.9110176,883.1381355,690.953039,391.665796,913.9737052,1528.026157
25-10-2016,4770.950971,793.4473594,869.7999137,624.4530952,379.0937953,859.2328585,1564.726704
26-10-2016,4598.957193,671.9951544,839.841322,606.2271093,363.3202159,867.2492345,1486.41659
27-10-2016,4556.139,804.7865009,863.7459427,600.226997,351.5172674,841.3037545,1394.356529
28-10-2016,4196.585739,809.0802702,832.1468162,614.2634535,348.9475884,843.6198243,1180.934466
29-10-2016,4412.663348,792.7454359,756.5285491,616.1870015,375.8461315,844.5933298,952.596702
30-10-2016,4854.236934,832.7012383,884.7337036,627.8435569,407.839805,893.4173878,1141.49769
31-10-2016,5007.175419,723.5134355,890.001941,619.2957533,367.4614893,972.824524,1295.840287
01-11-2016,4733.914302,688.2438941,951.4920472,680.1729019,339.750711,938.4757023,1294.304357
02-11-2016,4893.513896,669.7447017,911.4951205,643.3806876,334.2672819,933.4288377,1348.084939
03-11-2016,5076.804795,728.36195,845.2127029,617.0115717,344.0452725,955.1520437,1374.653351
04-11-2016,4722.409822,759.1461505,831.5171726,611.9798899,345.3423298,960.6903209,1217.504656
05-11-2016,4966.395014,743.0864862,814.4985712,697.141501,375.1305357,971.0345493,1050.161277
06-11-2016,5341.824954,812.6115707,999.0548876,778.1327379,410.8719601,1027.28172,1267.470254
07-11-2016,5396.313672,680.777446,973.8593843,674.3440063,379.8267456,1010.315737,1456.191201
08-11-2016,5451.523685,697.8903627,942.1797595,688.7818784,382.7788612,1037.033351,1618.373161
09-11-2016,7531.714037,788.0425824,1252.948455,944.3295135,514.4406524,1519.326455,2123.245078
10-11-2016,6177.604115,700.1770838,976.4757104,724.8935513,372.0145685,1117.89542,1636.818253
11-11-2016,5552.835656,839.5926778,992.7605543,792.9437704,402.0352893,1005.440487,1376.571469
12-11-2016,5393.884312,760.576428,884.5543215,817.1484103,398.9204249,1005.860205,1115.706518
13-11-2016,5930.484652,815.5586609,1003.324042,759.9324233,417.0479424,1083.975303,1303.803042
14-11-2016,5996.837564,793.6153394,1014.523481,739.7491855,375.4362993,1055.136666,1523.564575
15-11-2016,5350.590053,718.5933141,924.4521486,695.2860915,365.9931511,1062.760418,1559.622859
16-11-2016,5190.772109,723.2637658,948.0914434,679.967925,372.5259156,981.4994009,1457.927927
17-11-2016,4951.469014,736.3137389,910.0844341,642.3032805,398.2174822,962.9200506,1360.688464
18-11-2016,4743.79289,765.7146004,862.855017,609.9891023,359.213129,949.1017841,1196.971
19-11-2016,4796.249336,772.0537419,872.3833504,661.7644647,396.8327239,996.0873386,991.2320705
20-11-2016,4946.184379,817.9565366,957.0401682,766.9672509,429.6025887,1051.678671,1119.629469
21-11-2016,5346.322341,730.9862464,914.8875829,705.1353219,380.942945,975.4982692,1307.838226
22-11-2016,5338.682719,690.8671626,897.3113172,640.3998427,386.7002728,985.7414459,1455.258583
23-11-2016,4862.76037,762.9723459,844.8923276,643.6830693,360.0352313,950.813873,1450.25446
24-11-2016,4573.513481,680.013362,882.0928991,664.9494439,351.4060596,936.2633471,1322.515388
25-11-2016,4471.051435,752.5561157,814.7367229,614.2087406,350.0188635,904.22274,1120.36122
26-11-2016,5060.066741,782.5457393,836.4369979,702.7476126,441.7716641,1035.912795,1181.757268
27-11-2016,5288.320765,848.7776418,990.4732302,792.6129648,439.2377387,1100.47497,1363.848745
28-11-2016,4844.469761,704.0756693,990.1061088,694.1398719,359.5458239,1065.181068,1382.599758
29-11-2016,4987.674797,799.9628016,927.5951367,691.2874396,366.4288699,1107.987219,1630.159571
30-11-2016,4659.800896,665.6910088,843.6760123,643.2326143,356.9152592,1046.211756,1411.130073
01-12-2016,4610.89518,796.3201018,833.2996711,614.4665768,346.9026641,1060.637864,1260.377923
02-12-2016,4540.718351,745.4623856,825.3069499,605.2758117,350.5731615,998.7830515,1126.116568
03-12-2016,5119.28335,776.7322206,783.5918477,680.043085,396.8952348,1025.486021,910.0233137
04-12-2016,5171.9944,856.9457197,918.9281825,815.7401416,412.7254629,1072.63154,1061.265691
05-12-2016,5281.18583,750.067006,896.0427562,737.7175598,368.4383307,985.9470111,1193.943706
06-12-2016,5239.822217,704.6048652,859.1407236,729.704977,357.784143,962.5211024,1269.305494
07-12-2016,4938.917579,866.3720327,853.2129185,684.3004719,347.8312148,923.1064439,1163.406425
08-12-2016,4839.252447,763.2635701,929.9073165,671.2066622,334.9812525,947.0956597,1125.249769
09-12-2016,4502.934254,826.1879986,893.8419691,667.5731378,353.9517093,919.7427107,1015.642121
10-12-2016,4693.526547,798.7238021,758.8150105,681.6520616,379.9702246,953.669285,861.6470965
11-12-2016,4878.56334,854.9675493,908.8869359,747.7757555,430.3588717,977.1603648,957.924657
12-12-2016,5020.668409,780.4401645,910.0232383,749.7207617,371.086308,967.3948209,1088.133698
13-12-2016,4780.858055,746.3891146,857.5916321,682.4574205,358.9282024,951.2530955,1086.359443
14-12-2016,5022.764186,812.710489,910.1311802,654.8436693,350.5379302,951.0178405,1144.793162
15-12-2016,4569.371951,685.1294601,848.031218,639.0652736,338.9383597,986.905938,1009.844125
16-12-2016,4307.292227,674.7352063,793.533779,668.8590608,324.9168263,921.1443882,919.4488592
17-12-2016,4305.78223,767.7392688,745.3280315,699.8265925,360.4314238,928.9944082,865.0332646
18-12-2016,4978.795006,930.3291567,868.7773225,800.5293787,399.5908062,997.2154174,1012.917834
19-12-2016,5431.387216,782.7436249,1062.785895,843.7366588,359.6280109,960.0333511,1133.544033
20-12-2016,5311.259001,785.9717586,868.7622257,738.2210988,362.7294678,985.2623486,1100.763025
21-12-2016,4931.47702,711.9859527,864.8972341,677.2327828,373.0962911,953.3668619,1076.392068
22-12-2016,4997.991248,675.1047917,828.7380169,652.0047186,345.1651286,896.352017,983.5681285
23-12-2016,4683.314294,968.0077333,839.0259341,639.4594428,340.4203378,884.8412994,935.0825219
24-12-2016,4971.831757,856.605012,810.756187,618.2159308,360.7385803,874.2745973,880.307911
25-12-2016,5140.463373,818.3747247,1281.088532,666.6390855,381.3228858,1120.990347,903.6436847
26-12-2016,5770.371661,779.1147276,1206.478029,936.8847882,376.4474433,1112.840833,1195.481626
27-12-2016,6040.680728,789.1586804,1085.095379,858.4130997,376.0196181,1001.209426,1133.367901
28-12-2016,5860.227559,790.500465,1032.640804,774.155769,378.0486389,931.9876847,1178.290923
29-12-2016,6245.12751,865.4832363,994.6571413,752.7129536,350.7194265,897.2824524,1112.171085
30-12-2016,5201.783018,952.0183545,949.2656494,700.5434221,354.7044518,803.2718679,821.6714052
31-12-2016,5127.916418,1197.23944,893.0134254,646.2583418,365.5792559,880.2445081,787.3995309
